nrPartido;nomePartido;siglaPartido;idCandidato;totalDespesasContratadas;totalDespesasPagas;totalRecebido;totalFinanceiro;idIBGE;nrCandidato
31;Partido Humanista da Solidariedade;PHS;50000606390;;;;;50000606390;31168
15;Movimento Democrático Brasileiro;MDB;50000608091;150472.79;150472.79;170500.0;150500.0;50000608091;15153
11;Partido Progressista;PP;50000605231;177397.18;177397.18;198968.6;177413.6;50000605231;11111
51;Patriota;PATRI;50000607719;0.0;0.0;1890.11;0.0;50000607719;51605
20;Partido Social Cristão;PSC;50000605154;0.0;0.0;2626.52;0.0;50000605154;20222
20;Partido Social Cristão;PSC;50000605136;32000.0;32000.0;38792.12;32000.0;50000605136;20020
55;Partido Social Democrático;PSD;50000607996;318073.89;318073.89;366820.02;318150.67;50000607996;55111
27;Democracia Cristã;DC;50000608128;7000.0;7000.0;7000.0;7000.0;50000608128;27003
28;;;50000628475;;;;;50000628475;28999
28;Partido Renovador Trabalhista Brasileiro;PRTB;50000624164;7800.0;7800.0;10000.0;7800.0;50000624164;28666
77;Solidariedade;SOLIDARIEDADE;50000620473;30000.0;30000.0;30000.0;30000.0;50000620473;77888
65;Partido Comunista do Brasil;PC do B;50000603950;11413.2;11413.2;13933.38;11500.0;50000603950;65145
10;Partido Republicano Brasileiro;PRB;50000608588;0.0;0.0;20194.0;0.0;50000608588;10999
50;Partido Socialismo e Liberdade;PSOL;50000600861;0.0;0.0;60.0;0.0;50000600861;50750
50;Partido Socialismo e Liberdade;PSOL;50000600929;0.0;0.0;50.0;0.0;50000600929;50507
65;Partido Comunista do Brasil;PC do B;50000603942;98364.0;98364.0;122634.04;98364.0;50000603942;65654
55;Partido Social Democrático;PSD;50000607997;249998.4;249998.4;261711.2;250000.0;50000607997;55700
25;Democratas;DEM;50000608559;291071.4;291071.4;292250.0;292000.0;50000608559;25700
18;Rede Sustentabilidade;REDE;50000629055;978.0;978.0;2121.88;1000.0;50000629055;18996
50;Partido Socialismo e Liberdade;PSOL;50000600923;0.0;0.0;100.0;0.0;50000600923;50550
51;Patriota;PATRI;50000607722;212.85;212.85;1351.88;230.0;50000607722;51001
20;Partido Social Cristão;PSC;50000605140;15000.0;15000.0;18608.72;15000.0;50000605140;20077
15;Movimento Democrático Brasileiro;MDB;50000627544;20150.35;20150.35;20150.35;20150.35;50000627544;15123
25;Democratas;DEM;50000608560;332827.41;332827.41;345163.0;332913.0;50000608560;25100
55;Partido Social Democrático;PSD;50000607998;216759.26;216759.26;283426.71;216761.29;50000607998;55000
40;Partido Socialista Brasileiro;PSB;50000608044;218356.67;218356.67;239961.5;218356.67;50000608044;40123
65;Partido Comunista do Brasil;PC do B;50000628737;0.0;0.0;6909.1;5000.0;50000628737;65486
50;Partido Socialismo e Liberdade;PSOL;50000600931;10425.15;10425.15;11111.11;10711.11;50000600931;50600
50;Partido Socialismo e Liberdade;PSOL;50000600899;0.0;0.0;400.0;0.0;50000600899;50800
14;Partido Trabalhista Brasileiro;PTB;50000628549;;;;;50000628549;14666
50;Partido Socialismo e Liberdade;PSOL;50000600878;1013.2;1013.2;2767.2;1013.2;50000600878;50456
10;Partido Republicano Brasileiro;PRB;50000608589;91200.0;91200.0;110259.0;91200.0;50000608589;10133
65;Partido Comunista do Brasil;PC do B;50000603932;81623.35;81623.35;118532.29;81636.0;50000603932;65321
10;Partido Republicano Brasileiro;PRB;50000608590;0.0;0.0;19894.0;0.0;50000608590;10246
23;Partido Popular Socialista;PPS;50000606436;10018.48;10018.48;10000.0;10000.0;50000606436;23000
15;Movimento Democrático Brasileiro;MDB;50000627520;79701.76;79701.76;80000.0;80000.0;50000627520;15789
50;Partido Socialismo e Liberdade;PSOL;50000619085;;;;;50000619085;50014
50;Partido Socialismo e Liberdade;PSOL;50000600891;0.0;0.0;400.0;0.0;50000600891;50021
36;Partido Trabalhista Cristão;PTC;50000622614;10000.0;10000.0;11506.95;10000.0;50000622614;36321
15;Movimento Democrático Brasileiro;MDB;50000608092;25000.0;25000.0;25000.0;25000.0;50000608092;15222
90;Partido Republicano da Ordem Social;PROS;50000629671;;;;;50000629671;90090
31;Partido Humanista da Solidariedade;PHS;50000606428;;;;;50000606428;31222
43;Partido Verde;PV;50000608551;141066.88;141066.88;141686.0;141136.0;50000608551;43123
51;Patriota;PATRI;50000607723;1500.0;1500.0;3260.11;1500.0;50000607723;51185
31;Partido Humanista da Solidariedade;PHS;50000606416;;;;;50000606416;31331
65;Partido Comunista do Brasil;PC do B;50000603968;12525.0;12525.0;16273.65;12525.0;50000603968;65153
50;Partido Socialismo e Liberdade;PSOL;50000600937;11427.23;11427.23;13430.0;11430.0;50000600937;50350
55;Partido Social Democrático;PSD;50000608008;652984.21;652984.21;659432.82;654600.0;50000608008;55055
10;Partido Republicano Brasileiro;PRB;50000608599;13901.48;13901.48;63299.0;15000.0;50000608599;10777
40;Partido Socialista Brasileiro;PSB;50000608045;171543.44;171543.44;236427.13;171620.0;50000608045;40100
19;Podemos;PODE;50000608034;67500.0;67500.0;68500.0;67500.0;50000608034;19999
50;Partido Socialismo e Liberdade;PSOL;50000600920;0.0;0.0;1328.57;0.0;50000600920;50888
14;Partido Trabalhista Brasileiro;PTB;50000605171;;;;;50000605171;14636
51;Patriota;PATRI;50000607770;;;;;50000607770;51651
51;Patriota;PATRI;50000607724;;;1840.11;0.0;50000607724;51635
77;Solidariedade;SOLIDARIEDADE;50000620470;4780.0;4780.0;5000.0;5000.0;50000620470;77555
11;Partido Progressista;PP;50000605239;393823.2;393823.2;405546.2;394046.2;50000605239;11011
18;Rede Sustentabilidade;REDE;50000607777;1500.0;1500.0;3450.11;1500.0;50000607777;18456
77;Solidariedade;SOLIDARIEDADE;50000620485;21620.0;21620.0;21620.0;21620.0;50000620485;77190
36;Partido Trabalhista Cristão;PTC;50000622615;;;;;50000622615;36910
29;Partido da Causa Operária;PCO;50000618940;0.0;0.0;1350.0;0.0;50000618940;29029
45;Partido da Social Democracia Brasileira;PSDB;50000608570;349999.82;349999.82;361205.62;350292.3;50000608570;45670
25;Democratas;DEM;50000608616;;;;;50000608616;25766
65;Partido Comunista do Brasil;PC do B;50000603952;125154.52;125154.52;128171.99;125173.99;50000603952;65100
77;Solidariedade;SOLIDARIEDADE;50000620476;29999.2;29999.2;30000.0;30000.0;50000620476;77137
13;Partido dos Trabalhadores;PT;50000607976;12180.7;12180.7;14284.3;12330.0;50000607976;13133
50;Partido Socialismo e Liberdade;PSOL;50000600863;;;;;50000600863;50055
28;Partido Renovador Trabalhista Brasileiro;PRTB;50000628474;0.0;0.0;50.0;0.0;50000628474;28800
36;Partido Trabalhista Cristão;PTC;50000622608;46212.65;46212.65;46212.65;46212.65;50000622608;36456
51;Patriota;PATRI;50000607721;0.0;0.0;1395.11;0.0;50000607721;51155
65;Partido Comunista do Brasil;PC do B;50000603944;32187.65;32187.65;43483.09;32188.15;50000603944;65555
13;Partido dos Trabalhadores;PT;50000607977;71096.1;71096.1;109938.07;71217.7;50000607977;13613
20;Partido Social Cristão;PSC;50000629563;6450.0;6450.0;9385.29;7000.0;50000629563;20002
20;Partido Social Cristão;PSC;50000605164;19494.8;19494.8;24173.52;19500.0;50000605164;20012
36;Partido Trabalhista Cristão;PTC;50000622644;600.0;600.0;934.0;600.0;50000622644;36007
65;Partido Comunista do Brasil;PC do B;50000603959;182146.76;182146.76;215686.23;182450.0;50000603959;65888
10;Partido Republicano Brasileiro;PRB;50000608594;0.0;0.0;39539.0;0.0;50000608594;10555
44;Partido Republicano Progressista;PRP;50000608016;0.0;0.0;100.0;0.0;50000608016;44333
50;Partido Socialismo e Liberdade;PSOL;50000619201;;;;;50000619201;50024
17;Partido Social Liberal;PSL;50000609060;800.0;800.0;800.0;800.0;50000609060;17789
51;Patriota;PATRI;50000607725;0.0;0.0;1365.11;0.0;50000607725;51000
28;Partido Renovador Trabalhista Brasileiro;PRTB;50000625293;750.0;750.0;750.0;750.0;50000625293;28190
17;Partido Social Liberal;PSL;50000609080;;;1580.0;1220.0;50000609080;17190
11;Partido Progressista;PP;50000605245;427316.53;427316.53;427656.71;427656.71;50000605245;11456
65;Partido Comunista do Brasil;PC do B;50000603960;6549.2;6549.2;8020.72;6550.0;50000603960;65155
65;Partido Comunista do Brasil;PC do B;50000603946;17986.75;17986.75;22264.96;18000.0;50000603946;65444
20;Partido Social Cristão;PSC;50000605170;0.0;0.0;5926.52;2500.0;50000605170;20555
50;Partido Socialismo e Liberdade;PSOL;50000619199;5974.35;5974.35;5980.0;5980.0;50000619199;50555
17;Partido Social Liberal;PSL;50000609062;4038.71;4038.71;9418.54;4110.0;50000609062;17380
20;Partido Social Cristão;PSC;50000605160;0.0;0.0;3426.52;0.0;50000605160;20300
17;Partido Social Liberal;PSL;50000609084;;;;;50000609084;17555
15;Movimento Democrático Brasileiro;MDB;50000608101;32998.0;32998.0;33698.0;32998.0;50000608101;15111
51;Patriota;PATRI;50000629060;0.0;0.0;600.0;0.0;50000629060;51017
36;Partido Trabalhista Cristão;PTC;50000629995;1030.0;1030.0;1630.0;1030.0;50000629995;36900
27;Democracia Cristã;DC;50000627522;2500.0;2500.0;2500.0;2500.0;50000627522;27380
45;Partido da Social Democracia Brasileira;PSDB;50000608571;204534.77;204534.77;208100.0;205000.0;50000608571;45170
50;Partido Socialismo e Liberdade;PSOL;50000600860;0.0;0.0;100.0;0.0;50000600860;50850
40;Partido Socialista Brasileiro;PSB;50000608046;109834.42;109834.42;119117.5;110000.0;50000608046;40333
27;Democracia Cristã;DC;50000608129;3500.0;3500.0;3500.0;3500.0;50000608129;27007
20;Partido Social Cristão;PSC;50000625362;9900.0;9900.0;13216.54;10000.0;50000625362;20125
77;Solidariedade;SOLIDARIEDADE;50000620475;75000.0;75000.0;75000.0;75000.0;50000620475;77333
50;Partido Socialismo e Liberdade;PSOL;50000600917;4207.36;4207.36;4257.36;4207.36;50000600917;50900
50;Partido Socialismo e Liberdade;PSOL;50000619090;0.0;0.0;1725.0;0.0;50000619090;50222
17;Partido Social Liberal;PSL;50000609092;14064.1;14064.1;15064.1;14064.1;50000609092;17333
27;Democracia Cristã;DC;50000627535;;;;;50000627535;27270
65;Partido Comunista do Brasil;PC do B;50000603961;21499.02;21499.02;23106.09;22197.0;50000603961;65621
13;Partido dos Trabalhadores;PT;50000607980;68013.21;68013.21;91318.47;68050.0;50000607980;13467
50;Partido Socialismo e Liberdade;PSOL;50000600919;0.0;0.0;750.0;0.0;50000600919;50444
31;Partido Humanista da Solidariedade;PHS;50000628988;;;;;50000628988;31010
77;Solidariedade;SOLIDARIEDADE;50000620474;571190.0;571190.0;571190.0;571190.0;50000620474;77000
27;Democracia Cristã;DC;50000627549;4978.0;4978.0;5000.0;5000.0;50000627549;27009
65;Partido Comunista do Brasil;PC do B;50000603953;144362.68;144362.68;167616.19;144362.68;50000603953;65123
50;Partido Socialismo e Liberdade;PSOL;50000600859;2450.0;2450.0;2450.0;2450.0;50000600859;50509
51;Patriota;PATRI;50000607772;;;1710.11;0.0;50000607772;51676
40;Partido Socialista Brasileiro;PSB;50000608047;12013.2;12013.2;33334.11;12013.2;50000608047;40340
36;Partido Trabalhista Cristão;PTC;50000622617;0.0;0.0;1506.95;0.0;50000622617;36611
55;Partido Social Democrático;PSD;50000608001;112759.06;112759.06;123638.61;112905.61;50000608001;55400
51;Patriota;PATRI;50000607740;30.0;30.0;1595.11;30.0;50000607740;51091
65;Partido Comunista do Brasil;PC do B;50000603936;30410.48;30410.48;33608.27;30400.88;50000603936;65765
27;Democracia Cristã;DC;50000627526;;;;;50000627526;27008
35;Partido da Mulher Brasileira;PMB;50000608043;570439.22;570439.22;638383.75;576523.75;50000608043;35321
15;Movimento Democrático Brasileiro;MDB;50000608107;99952.67;99952.67;120000.0;100000.0;50000608107;15190
31;Partido Humanista da Solidariedade;PHS;50000606405;;;;;50000606405;31190
23;Partido Popular Socialista;PPS;50000606442;10000.0;10000.0;10638.28;10000.0;50000606442;23091
40;Partido Socialista Brasileiro;PSB;50000608048;10013.55;10013.55;12398.55;10013.55;50000608048;40789
25;Democratas;DEM;50000608563;;;;;50000608563;25152
25;Democratas;DEM;50000608564;;;;;50000608564;25250
20;Partido Social Cristão;PSC;50000605139;4746.2;4746.2;8616.54;5000.0;50000605139;20377
70;AVANTE;AVANTE;50000608017;2850.0;2850.0;14605.0;2850.0;50000608017;70111
65;Partido Comunista do Brasil;PC do B;50000603938;359864.44;359864.44;481746.95;360000.0;50000603938;65222
14;Partido Trabalhista Brasileiro;PTB;50000605173;3800.0;3800.0;3800.0;3800.0;50000605173;14222
65;Partido Comunista do Brasil;PC do B;50000603954;10000.0;10000.0;11702.11;10000.0;50000603954;65180
51;Patriota;PATRI;50000629059;0.0;0.0;1121.88;0.0;50000629059;51013
17;Partido Social Liberal;PSL;50000609075;0.0;0.0;1500.0;0.0;50000609075;17700
36;Partido Trabalhista Cristão;PTC;50000622657;1103.2;1103.2;1103.2;1103.2;50000622657;36600
77;Solidariedade;SOLIDARIEDADE;50000620488;5222.5;5222.5;5222.5;5222.5;50000620488;77666
13;Partido dos Trabalhadores;PT;50000607978;12353.24;12353.24;16830.0;12350.0;50000607978;13555
43;Partido Verde;PV;50000628929;15000.0;15000.0;15200.0;15000.0;50000628929;43000
50;Partido Socialismo e Liberdade;PSOL;50000600901;0.0;0.0;400.0;0.0;50000600901;50950
51;Patriota;PATRI;50000607727;210.0;0.0;1351.88;230.0;50000607727;51180
51;Patriota;PATRI;50000607752;1300.6;1300.6;2551.88;1430.0;50000607752;51146
54;Partido Pátria Livre;PPL;50000629561;;;;;50000629561;54201
77;Solidariedade;SOLIDARIEDADE;50000628290;55000.0;55000.0;55000.0;55000.0;50000628290;77500
65;Partido Comunista do Brasil;PC do B;50000603941;8993.2;8993.2;10586.77;9000.0;50000603941;65169
12;Partido Democrático Trabalhista;PDT;50000608022;71449.42;71449.42;92872.57;71510.0;50000608022;12007
23;Partido Popular Socialista;PPS;50000606443;27371.4;27371.4;27372.0;27372.0;50000606443;23999
54;Partido Pátria Livre;PPL;50000625366;;;;;50000625366;54054
25;Democratas;DEM;50000608565;;;;;50000608565;25050
55;Partido Social Democrático;PSD;50000608002;294235.73;294235.73;310390.97;294500.0;50000608002;55255
15;Movimento Democrático Brasileiro;MDB;50000608093;21737.44;21737.44;42749.24;21749.24;50000608093;15159
25;Democratas;DEM;50000608566;910.0;910.0;930.0;930.0;50000608566;25420
10;Partido Republicano Brasileiro;PRB;50000608593;14999.5;14999.5;47399.0;15000.0;50000608593;10888
77;Solidariedade;SOLIDARIEDADE;50000620493;23510.0;23510.0;23510.0;23510.0;50000620493;77101
12;Partido Democrático Trabalhista;PDT;50000608023;;;;;50000608023;12555
10;Partido Republicano Brasileiro;PRB;50000608592;500.0;0.0;30100.0;3000.0;50000608592;10010
14;Partido Trabalhista Brasileiro;PTB;50000605172;81477.49;81477.49;95462.57;81542.57;50000605172;14444
45;Partido da Social Democracia Brasileira;PSDB;50000608572;41885.43;41885.43;48562.5;42000.0;50000608572;45800
12;Partido Democrático Trabalhista;PDT;50000608021;24151.1;24151.1;24151.1;24151.1;50000608021;12313
45;Partido da Social Democracia Brasileira;PSDB;50000608574;11957.5;11957.5;16875.0;12000.0;50000608574;45192
20;Partido Social Cristão;PSC;50000605144;0.0;0.0;2626.52;0.0;50000605144;20026
36;Partido Trabalhista Cristão;PTC;50000622631;108777.43;108777.43;121389.5;109600.0;50000622631;36555
77;Solidariedade;SOLIDARIEDADE;50000620491;54838.75;54838.75;60969.68;55000.0;50000620491;77123
77;Solidariedade;SOLIDARIEDADE;50000625678;;;;;50000625678;77111
17;Partido Social Liberal;PSL;50000609076;16157.93;16157.93;28989.32;16148.78;50000609076;17444
36;Partido Trabalhista Cristão;PTC;50000622645;1765.0;1765.0;1765.0;1765.0;50000622645;36017
77;Solidariedade;SOLIDARIEDADE;50000620482;19988.6;19988.6;20000.0;20000.0;50000620482;77444
36;Partido Trabalhista Cristão;PTC;50000622658;3000.0;3000.0;3835.0;3000.0;50000622658;36123
51;Patriota;PATRI;50000607743;640.0;640.0;1801.88;680.0;50000607743;51551
19;Podemos;PODE;50000608042;135089.48;135089.48;135200.0;135200.0;50000608042;19192
31;Partido Humanista da Solidariedade;PHS;50000606398;;;;;50000606398;31420
10;Partido Republicano Brasileiro;PRB;50000608595;15000.0;15000.0;56959.0;15000.0;50000608595;10013
43;Partido Verde;PV;50000629734;10000.35;10000.35;10200.35;10000.35;50000629734;43350
43;Partido Verde;PV;50000628928;10000.0;10000.0;10200.0;10000.0;50000628928;43121
10;Partido Republicano Brasileiro;PRB;50000608596;0.0;0.0;19894.0;0.0;50000608596;10166
31;Partido Humanista da Solidariedade;PHS;50000606391;0.0;0.0;500.0;0.0;50000606391;31112
50;Partido Socialismo e Liberdade;PSOL;50000600904;4857.0;4857.0;4930.0;4870.0;50000600904;50450
36;Partido Trabalhista Cristão;PTC;50000622618;69943.65;69543.65;69543.65;69543.65;50000622618;36622
43;Partido Verde;PV;50000608553;10000.0;10000.0;10400.0;10000.0;50000608553;43184
31;Partido Humanista da Solidariedade;PHS;50000606430;;;;;50000606430;31600
15;Movimento Democrático Brasileiro;MDB;50000608094;;;;;50000608094;15777
14;Partido Trabalhista Brasileiro;PTB;50000625368;4000.0;4000.0;4000.0;4000.0;50000625368;14114
55;Partido Social Democrático;PSD;50000608004;257007.02;257007.02;319830.0;257200.0;50000608004;55333
11;Partido Progressista;PP;50000605240;376194.74;376194.74;392791.0;376261.0;50000605240;11222
36;Partido Trabalhista Cristão;PTC;50000622619;2100.0;600.0;934.0;600.0;50000622619;36789
43;Partido Verde;PV;50000608554;154558.98;154558.98;158008.98;154558.98;50000608554;43333
90;Partido Republicano da Ordem Social;PROS;50000611698;526.5;526.5;526.5;526.5;50000611698;90222
51;Patriota;PATRI;50000629049;0.0;0.0;1640.11;0.0;50000629049;51203
27;Democracia Cristã;DC;50000627550;0.0;0.0;700.0;0.0;50000627550;27015
20;Partido Social Cristão;PSC;50000605141;6102.2;6102.2;11816.54;7000.0;50000605141;20215
23;Partido Popular Socialista;PPS;50000628986;27227.2;27227.2;57682.68;56016.01;50000628986;23111
77;Solidariedade;SOLIDARIEDADE;50000620489;15000.0;15000.0;15500.0;15000.0;50000620489;77192
18;Rede Sustentabilidade;REDE;50000607773;1150.0;1150.0;2281.88;1160.0;50000607773;18777
17;Partido Social Liberal;PSL;50000609077;;;;;50000609077;17017
17;Partido Social Liberal;PSL;50000609078;;;;;50000609078;17654
12;Partido Democrático Trabalhista;PDT;50000608019;0.0;0.0;1000.0;0.0;50000608019;12789
65;Partido Comunista do Brasil;PC do B;50000603958;6000.0;6000.0;7176.03;6000.0;50000603958;65665
27;Democracia Cristã;DC;50000627540;2493.2;2493.2;2500.0;2500.0;50000627540;27777
27;Democracia Cristã;DC;50000608131;;;2500.0;2500.0;50000608131;27888
31;Partido Humanista da Solidariedade;PHS;50000606419;;;;;50000606419;31110
45;Partido da Social Democracia Brasileira;PSDB;50000608573;79250.15;79250.15;85750.25;79250.25;50000608573;45112
12;Partido Democrático Trabalhista;PDT;50000608020;205927.59;205927.59;215208.91;205966.66;50000608020;12393
36;Partido Trabalhista Cristão;PTC;50000622613;600.0;600.0;1499.0;600.0;50000622613;36224
17;Partido Social Liberal;PSL;50000609091;;;;;50000609091;17999
20;Partido Social Cristão;PSC;50000605142;2000.0;2000.0;4626.52;2000.0;50000605142;20500
40;Partido Socialista Brasileiro;PSB;50000608049;764164.78;764164.78;782690.11;764164.78;50000608049;40040
77;Solidariedade;SOLIDARIEDADE;50000620484;32968.0;32968.0;40968.0;32968.0;50000620484;77600
44;Partido Republicano Progressista;PRP;50000627795;6842.3;6842.3;7850.0;6850.0;50000627795;44123
36;Partido Trabalhista Cristão;PTC;50000622620;0.0;0.0;100.0;0.0;50000622620;36001
65;Partido Comunista do Brasil;PC do B;50000603930;490610.7;490603.25;531914.65;498920.0;50000603930;65333
13;Partido dos Trabalhadores;PT;50000607979;72700.0;72700.0;117641.23;72700.0;50000607979;13567
10;Partido Republicano Brasileiro;PRB;50000608597;0.0;0.0;20194.0;0.0;50000608597;10333
36;Partido Trabalhista Cristão;PTC;50000622659;600.0;600.0;934.0;600.0;50000622659;36566
19;Podemos;PODE;50000608037;28000.0;28000.0;28000.0;28000.0;50000608037;19678
77;Solidariedade;SOLIDARIEDADE;50000628022;15000.0;15000.0;15000.0;15000.0;50000628022;77999
28;Partido Renovador Trabalhista Brasileiro;PRTB;50000625302;;;;;50000625302;28555
50;Partido Socialismo e Liberdade;PSOL;50000600918;0.0;0.0;100.0;0.0;50000600918;50005
50;Partido Socialismo e Liberdade;PSOL;50000600934;0.0;0.0;60.0;0.0;50000600934;50705
14;Partido Trabalhista Brasileiro;PTB;50000625400;10000.0;10000.0;11000.0;10000.0;50000625400;14777
36;Partido Trabalhista Cristão;PTC;50000622621;0.0;0.0;1473.63;0.0;50000622621;36024
25;Democratas;DEM;50000608567;;;;;50000608567;25118
36;Partido Trabalhista Cristão;PTC;50000622622;0.0;0.0;100.0;0.0;50000622622;36361
51;Patriota;PATRI;50000607731;210.0;210.0;1352.01;230.0;50000607731;51613
40;Partido Socialista Brasileiro;PSB;50000624866;963.0;963.0;1917.0;963.0;50000624866;40777
45;Partido da Social Democracia Brasileira;PSDB;50000608575;86523.31;86523.31;89580.0;86580.0;50000608575;45450
36;Partido Trabalhista Cristão;PTC;50000622623;0.0;0.0;934.0;0.0;50000622623;36113
13;Partido dos Trabalhadores;PT;50000608055;62710.0;62710.0;71685.0;62710.0;50000608055;13123
50;Partido Socialismo e Liberdade;PSOL;50000600938;200.3;200.3;600.3;200.3;50000600938;50013
20;Partido Social Cristão;PSC;50000625423;0.0;0.0;2526.52;0.0;50000625423;20201
20;Partido Social Cristão;PSC;50000605143;2400.0;2400.0;5926.52;2500.0;50000605143;20023
15;Movimento Democrático Brasileiro;MDB;50000608096;445515.65;445515.65;461693.0;445600.0;50000608096;15140
27;Democracia Cristã;DC;50000627534;2500.0;2500.0;5860.0;2500.0;50000627534;27222
13;Partido dos Trabalhadores;PT;50000607993;63700.0;63700.0;64317.75;63700.0;50000607993;13800
50;Partido Socialismo e Liberdade;PSOL;50000600897;4138.2;4138.2;7506.0;4141.0;50000600897;50333
36;Partido Trabalhista Cristão;PTC;50000622624;0.0;0.0;1506.95;0.0;50000622624;36888
77;Solidariedade;SOLIDARIEDADE;50000620492;19953.98;19953.98;20000.0;0.0;50000620492;77445
20;Partido Social Cristão;PSC;50000605147;4942.2;4942.2;8616.54;5000.0;50000605147;20580
15;Movimento Democrático Brasileiro;MDB;50000608098;;;;;50000608098;15000
36;Partido Trabalhista Cristão;PTC;50000622625;13.2;13.2;113.2;13.2;50000622625;36773
20;Partido Social Cristão;PSC;50000605156;205000.0;205000.0;212684.28;205000.0;50000605156;20000
50;Partido Socialismo e Liberdade;PSOL;50000600927;62185.6;62185.6;62221.0;62221.0;50000600927;50150
36;Partido Trabalhista Cristão;PTC;50000622626;0.0;0.0;1506.95;0.0;50000622626;36050
51;Patriota;PATRI;50000607734;7640.0;0.0;1281.88;160.0;50000607734;51700
77;Solidariedade;SOLIDARIEDADE;50000620480;77256.01;77256.01;78000.0;78000.0;50000620480;77077
65;Partido Comunista do Brasil;PC do B;50000603937;6938.15;5938.15;8481.41;7000.0;50000603937;65130
36;Partido Trabalhista Cristão;PTC;50000622627;0.0;0.0;1506.95;0.0;50000622627;36774
17;Partido Social Liberal;PSL;50000609082;1550.7;1550.7;4905.24;1550.7;50000609082;17777
31;Partido Humanista da Solidariedade;PHS;50000606424;;;;;50000606424;31999
28;Partido Renovador Trabalhista Brasileiro;PRTB;50000625296;3000.0;3000.0;10000.0;3000.0;50000625296;28222
20;Partido Social Cristão;PSC;50000605138;4953.5;4953.5;8616.54;5000.0;50000605138;20139
36;Partido Trabalhista Cristão;PTC;50000622670;0.0;0.0;100.0;0.0;50000622670;36044
77;Solidariedade;SOLIDARIEDADE;50000620483;40000.0;40000.0;40000.0;40000.0;50000620483;77727
51;Patriota;PATRI;50000629051;;;;;50000629051;51300
54;Partido Pátria Livre;PPL;50000625425;2072.0;2072.0;2572.0;2072.0;50000625425;54111
10;Partido Republicano Brasileiro;PRB;50000608602;1000.0;1000.0;26394.0;1000.0;50000608602;10500
20;Partido Social Cristão;PSC;50000605149;4190.0;4190.0;6726.52;4200.0;50000605149;20066
54;Partido Pátria Livre;PPL;50000625401;5022.0;0.0;600.0;0.0;50000625401;54170
20;Partido Social Cristão;PSC;50000605153;7000.0;7000.0;10616.54;7000.0;50000605153;20337
54;Partido Pátria Livre;PPL;50000625424;32000.0;32000.0;32000.0;32000.0;50000625424;54444
22;Partido da República;PR;50000608028;150000.0;150000.0;150000.0;150000.0;50000608028;22000
13;Partido dos Trabalhadores;PT;50000607981;29258.71;29258.71;40015.11;29258.71;50000607981;13213
50;Partido Socialismo e Liberdade;PSOL;50000600858;10998.23;10998.23;11402.0;11002.0;50000600858;50180
20;Partido Social Cristão;PSC;50000605157;70000.0;70000.0;73991.02;70000.0;50000605157;20700
31;Partido Humanista da Solidariedade;PHS;50000606412;3300.0;3300.0;3300.0;3300.0;50000606412;31555
18;Rede Sustentabilidade;REDE;50000607782;;;2625.11;0.0;50000607782;18000
31;Partido Humanista da Solidariedade;PHS;50000606409;;;;;50000606409;31000
55;Partido Social Democrático;PSD;50000608003;942651.25;942651.25;954196.61;942696.61;50000608003;55456
36;Partido Trabalhista Cristão;PTC;50000622628;0.0;0.0;1473.63;0.0;50000622628;36700
65;Partido Comunista do Brasil;PC do B;50000603948;5373.2;5373.2;6000.0;6000.0;50000603948;65220
33;Partido da Mobilização Nacional;PMN;50000622610;3000.0;3000.0;3000.0;3000.0;50000622610;33123
65;Partido Comunista do Brasil;PC do B;50000603957;15700.0;15700.0;18873.58;15700.0;50000603957;65657
13;Partido dos Trabalhadores;PT;50000607982;37566.2;37566.2;41795.13;37581.8;50000607982;13000
13;Partido dos Trabalhadores;PT;50000607983;149302.69;149302.69;222410.17;149500.0;50000607983;13110
20;Partido Social Cristão;PSC;50000605145;6872.85;6872.85;10616.54;7000.0;50000605145;20199
36;Partido Trabalhista Cristão;PTC;50000622629;0.0;0.0;819.82;0.0;50000622629;36733
77;Solidariedade;SOLIDARIEDADE;50000628021;80000.0;80000.0;80000.0;80000.0;50000628021;77001
36;Partido Trabalhista Cristão;PTC;50000628389;0.0;0.0;8000.0;0.0;50000628389;36777
65;Partido Comunista do Brasil;PC do B;50000603934;35064.54;35064.54;44350.87;35400.0;50000603934;65656
17;Partido Social Liberal;PSL;50000609081;0.0;0.0;1300.0;0.0;50000609081;17400
19;Podemos;PODE;50000608035;88974.3;88974.3;89000.0;89000.0;50000608035;19023
31;Partido Humanista da Solidariedade;PHS;50000606421;7000.0;6700.0;10231.81;0.0;50000606421;31031
18;Rede Sustentabilidade;REDE;50000607776;200.0;200.0;2090.11;200.0;50000607776;18123
19;Podemos;PODE;50000608038;300900.0;300900.0;302025.0;300900.0;50000608038;19019
77;Solidariedade;SOLIDARIEDADE;50000620472;;;;;50000620472;77678
77;Solidariedade;SOLIDARIEDADE;50000629746;22718.3;22718.3;33000.0;23000.0;50000629746;77678
36;Partido Trabalhista Cristão;PTC;50000622630;0.0;0.0;1506.95;0.0;50000622630;36124
65;Partido Comunista do Brasil;PC do B;50000628738;5976.75;5976.75;7607.47;6013.2;50000628738;65455
50;Partido Socialismo e Liberdade;PSOL;50000619171;4680.0;4680.0;4740.0;4680.0;50000619171;50650
50;Partido Socialismo e Liberdade;PSOL;50000600921;0.0;0.0;1328.57;0.0;50000600921;50123
50;Partido Socialismo e Liberdade;PSOL;50000600877;51156.36;48384.0;65884.0;48384.0;50000600877;50050
36;Partido Trabalhista Cristão;PTC;50000622666;393.55;393.55;612.85;412.85;50000622666;36150
51;Patriota;PATRI;50000607736;0.0;0.0;3660.11;0.0;50000607736;51007
27;Democracia Cristã;DC;50000608132;14420.0;14420.0;14500.0;14500.0;50000608132;27000
70;AVANTE;AVANTE;50000608018;90353.3;90353.3;131837.8;90353.3;50000608018;70000
36;Partido Trabalhista Cristão;PTC;50000622632;430.0;430.0;430.0;430.0;50000622632;36036
17;Partido Social Liberal;PSL;50000628920;;;;;50000628920;17750
25;Democratas;DEM;50000608609;;;;;50000608609;25012
77;Solidariedade;SOLIDARIEDADE;50000620479;19696.2;19696.2;19696.2;19696.2;50000620479;77456
17;Partido Social Liberal;PSL;50000609079;12902.2;12902.2;14342.2;12902.2;50000609079;17888
51;Patriota;PATRI;50000607745;210.0;210.0;1351.88;230.0;50000607745;51495
13;Partido dos Trabalhadores;PT;50000607984;53608.91;53608.91;70239.0;54004.0;50000607984;13456
36;Partido Trabalhista Cristão;PTC;50000622663;600.0;600.0;934.0;600.0;50000622663;36234
36;Partido Trabalhista Cristão;PTC;50000622633;0.0;0.0;1506.95;0.0;50000622633;36999
51;Patriota;PATRI;50000607739;11600.55;11600.55;22335.16;11600.55;50000607739;51222
10;Partido Republicano Brasileiro;PRB;50000608600;232841.69;232841.69;351390.29;232986.29;50000608600;10456
17;Partido Social Liberal;PSL;50000609093;2780.0;2780.0;8934.54;2780.0;50000609093;17330
18;Rede Sustentabilidade;REDE;50000629052;1724.0;1724.0;3754.11;1724.0;50000629052;18001
51;Patriota;PATRI;50000607742;0.0;0.0;1315.11;0.0;50000607742;51100
77;Solidariedade;SOLIDARIEDADE;50000620486;279858.15;279858.15;280000.0;280000.0;50000620486;77777
14;Partido Trabalhista Brasileiro;PTB;50000625426;;;;;50000625426;14123
27;Democracia Cristã;DC;50000627533;2500.0;2500.0;2500.0;2500.0;50000627533;27193
51;Patriota;PATRI;50000607746;;;1315.11;0.0;50000607746;51116
65;Partido Comunista do Brasil;PC do B;50000603933;19993.2;19993.2;25883.33;20000.0;50000603933;65133
20;Partido Social Cristão;PSC;50000605158;6976.0;6976.0;11426.52;7000.0;50000605158;20220
20;Partido Social Cristão;PSC;50000605146;29990.75;29990.75;33874.32;30000.0;50000605146;20133
27;Democracia Cristã;DC;50000627539;2500.0;2500.0;2500.0;2500.0;50000627539;27600
17;Partido Social Liberal;PSL;50000628919;;;;;50000628919;17051
31;Partido Humanista da Solidariedade;PHS;50000606385;40393.65;40393.65;107385.15;40455.15;50000606385;31111
10;Partido Republicano Brasileiro;PRB;50000608601;223263.2;223263.2;362149.0;225000.0;50000608601;10123
44;Partido Republicano Progressista;PRP;50000608015;127691.23;127691.23;130553.2;127888.6;50000608015;44444
31;Partido Humanista da Solidariedade;PHS;50000627648;;;;;50000627648;31900
55;Partido Social Democrático;PSD;50000608005;861180.99;861180.99;883636.0;875000.0;50000608005;55222
36;Partido Trabalhista Cristão;PTC;50000622634;;;;;50000622634;36922
31;Partido Humanista da Solidariedade;PHS;50000606422;0.0;0.0;2850.0;0.0;50000606422;31666
36;Partido Trabalhista Cristão;PTC;50000622616;0.0;0.0;1473.63;0.0;50000622616;36079
51;Patriota;PATRI;50000607726;210.0;0.0;1351.88;230.0;50000607726;51388
23;Partido Popular Socialista;PPS;50000606439;90013.2;90006.6;100673.27;90006.6;50000606439;23011
22;Partido da República;PR;50000608031;953250.22;953250.22;1021698.42;953400.0;50000608031;22888
13;Partido dos Trabalhadores;PT;50000608010;23450.0;23450.0;23450.0;23450.0;50000608010;13666
15;Movimento Democrático Brasileiro;MDB;50000608100;192082.5;192082.5;240336.0;192100.0;50000608100;15686
43;Partido Verde;PV;50000608555;12000.0;12000.0;12200.0;12000.0;50000608555;43069
23;Partido Popular Socialista;PPS;50000606435;6100.6;6100.6;6101.0;6101.0;50000606435;23444
18;Rede Sustentabilidade;REDE;50000607774;0.0;0.0;2030.11;0.0;50000607774;18018
14;Partido Trabalhista Brasileiro;PTB;50000605174;40252.0;40252.0;40252.0;40252.0;50000605174;14100
50;Partido Socialismo e Liberdade;PSOL;50000600892;5879.2;5879.2;6030.0;5930.0;50000600892;50000
20;Partido Social Cristão;PSC;50000605161;136662.1;136662.1;141728.19;136662.57;50000605161;20777
51;Patriota;PATRI;50000607771;210.0;0.0;230.0;230.0;50000607771;51945
55;Partido Social Democrático;PSD;50000608006;946229.7;946229.7;972050.0;961250.0;50000608006;55789
36;Partido Trabalhista Cristão;PTC;50000622635;0.0;0.0;954.0;0.0;50000622635;36666
18;Rede Sustentabilidade;REDE;50000607781;;;1575.11;0.0;50000607781;18444
28;Partido Renovador Trabalhista Brasileiro;PRTB;50000628465;;;;;50000628465;28100
31;Partido Humanista da Solidariedade;PHS;50000606411;3000.0;3000.0;3000.0;3000.0;50000606411;31444
65;Partido Comunista do Brasil;PC do B;50000603956;20000.0;20000.0;25670.84;21000.0;50000603956;65655
25;Democratas;DEM;50000608561;249756.0;249756.0;253898.21;250000.0;50000608561;25111
17;Partido Social Liberal;PSL;50000628918;;;;;50000628918;17003
31;Partido Humanista da Solidariedade;PHS;50000628989;;;;;50000628989;31003
51;Patriota;PATRI;50000607737;140.0;140.0;1281.88;160.0;50000607737;51088
51;Patriota;PATRI;50000629058;0.0;0.0;1640.11;0.0;50000629058;51510
51;Patriota;PATRI;50000607750;790.0;790.0;2875.11;790.0;50000607750;51251
54;Partido Pátria Livre;PPL;50000605178;18678.35;18678.35;20568.35;18678.35;50000605178;54000
51;Patriota;PATRI;50000607747;200.0;200.0;1730.11;220.0;50000607747;51122
77;Solidariedade;SOLIDARIEDADE;50000620478;50810.0;50810.0;50810.0;50810.0;50000620478;77575
25;Democratas;DEM;50000608611;249239.08;249239.08;259990.15;249506.8;50000608611;25025
25;Democratas;DEM;50000608612;187930.93;187930.93;200050.0;188100.0;50000608612;25222
25;Democratas;DEM;50000608569;300993.65;300993.65;314150.0;301000.0;50000608569;25888
27;Democracia Cristã;DC;50000627527;134850.0;134850.0;134900.0;134900.0;50000627527;27001
51;Patriota;PATRI;50000607728;1040.0;0.0;1282.88;161.0;50000607728;51005
36;Partido Trabalhista Cristão;PTC;50000622636;;;;;50000622636;36002
23;Partido Popular Socialista;PPS;50000606440;8960.0;8960.0;8960.0;8960.0;50000606440;23018
13;Partido dos Trabalhadores;PT;50000607986;78170.0;78170.0;90027.41;78170.0;50000607986;13030
11;Partido Progressista;PP;50000605235;425365.15;425365.15;452765.15;425365.15;50000605235;11000
13;Partido dos Trabalhadores;PT;50000607995;77137.0;77137.0;124021.68;77200.0;50000607995;13031
19;Podemos;PODE;50000608040;213010.0;213010.0;221512.0;213010.0;50000608040;19123
31;Partido Humanista da Solidariedade;PHS;50000606401;;;;;50000606401;31234
25;Democratas;DEM;50000608613;17195.0;17195.0;29307.5;17195.0;50000608613;25125
45;Partido da Social Democracia Brasileira;PSDB;50000608576;276060.8;276060.8;287929.6;276400.0;50000608576;45123
17;Partido Social Liberal;PSL;50000609069;46478.41;46478.41;47040.91;46478.41;50000609069;17133
31;Partido Humanista da Solidariedade;PHS;50000606386;;;;;50000606386;31400
20;Partido Social Cristão;PSC;50000605163;2400.0;2400.0;5926.52;2500.0;50000605163;20333
18;Rede Sustentabilidade;REDE;50000607780;340.0;340.0;2290.11;400.0;50000607780;18888
40;Partido Socialista Brasileiro;PSB;50000608050;113713.25;113713.25;127530.0;114000.0;50000608050;40000
13;Partido dos Trabalhadores;PT;50000607987;179134.44;179134.44;253628.72;179140.04;50000607987;13140
45;Partido da Social Democracia Brasileira;PSDB;50000608577;164463.2;164463.2;171500.0;164500.0;50000608577;45000
31;Partido Humanista da Solidariedade;PHS;50000606425;;;;;50000606425;31456
77;Solidariedade;SOLIDARIEDADE;50000625679;7940.7;7940.7;8000.0;8000.0;50000625679;77369
45;Partido da Social Democracia Brasileira;PSDB;50000608578;;;;;50000608578;45550
36;Partido Trabalhista Cristão;PTC;50000622637;0.0;0.0;1506.95;0.0;50000622637;36022
51;Patriota;PATRI;50000607749;233944.3;233944.3;247103.6;234000.0;50000607749;51051
77;Solidariedade;SOLIDARIEDADE;50000620487;6500.0;6500.0;6500.0;6500.0;50000620487;77789
36;Partido Trabalhista Cristão;PTC;50000622638;;;;;50000622638;36778
18;Rede Sustentabilidade;REDE;50000607784;0.0;0.0;1575.11;0.0;50000607784;18555
20;Partido Social Cristão;PSC;50000605166;52446.66;52446.66;55826.52;52500.0;50000605166;20120
77;Solidariedade;SOLIDARIEDADE;50000620490;7000.0;7000.0;7000.0;7000.0;50000620490;77700
36;Partido Trabalhista Cristão;PTC;50000622640;10000.0;10000.0;11373.63;10000.0;50000622640;36987
36;Partido Trabalhista Cristão;PTC;50000622664;0.0;0.0;1506.95;0.0;50000622664;36000
31;Partido Humanista da Solidariedade;PHS;50000606417;;;;;50000606417;31007
36;Partido Trabalhista Cristão;PTC;50000622641;0.0;0.0;100.0;0.0;50000622641;36923
13;Partido dos Trabalhadores;PT;50000607988;550948.0;550948.0;603277.61;550973.05;50000607988;13131
50;Partido Socialismo e Liberdade;PSOL;50000600924;0.0;0.0;1050.0;0.0;50000600924;50258
36;Partido Trabalhista Cristão;PTC;50000622656;;;;;50000622656;36907
77;Solidariedade;SOLIDARIEDADE;50000620471;41000.0;41000.0;41000.0;41000.0;50000620471;77222
27;Democracia Cristã;DC;50000627542;;;;;50000627542;27127
43;Partido Verde;PV;50000628931;5000.0;5000.0;5300.0;5000.0;50000628931;43612
50;Partido Socialismo e Liberdade;PSOL;50000619173;0.0;0.0;60.0;0.0;50000619173;50777
40;Partido Socialista Brasileiro;PSB;50000608051;195399.1;195399.1;208159.1;195399.1;50000608051;40888
45;Partido da Social Democracia Brasileira;PSDB;50000608579;250529.26;250529.26;252600.0;250600.0;50000608579;45454
23;Partido Popular Socialista;PPS;50000606438;123000.0;123000.0;130500.0;123000.0;50000606438;23333
25;Democratas;DEM;50000628359;;;;;50000628359;25075
25;Democratas;DEM;50000628337;;;;;50000628337;25031
19;Podemos;PODE;50000608039;42347.32;42347.32;46500.0;42500.0;50000608039;19789
25;Democratas;DEM;50000608605;95000.0;95000.0;98400.0;95000.0;50000608605;25300
10;Partido Republicano Brasileiro;PRB;50000608603;18026.85;18026.85;78599.0;18000.0;50000608603;10000
51;Patriota;PATRI;50000607753;650.0;650.0;2420.11;650.0;50000607753;51380
36;Partido Trabalhista Cristão;PTC;50000622665;600.0;600.0;600.0;600.0;50000622665;36633
54;Partido Pátria Livre;PPL;50000605180;15690.55;15690.55;15690.55;15690.55;50000605180;54123
11;Partido Progressista;PP;50000605246;446591.4;446591.4;446726.0;446726.0;50000605246;11233
15;Movimento Democrático Brasileiro;MDB;50000608104;99633.94;99633.94;100000.0;100000.0;50000608104;15999
55;Partido Social Democrático;PSD;50000608007;640000.0;640000.0;647998.04;640000.0;50000608007;55888
36;Partido Trabalhista Cristão;PTC;50000622660;1760.0;1760.0;2753.63;1380.0;50000622660;36110
18;Rede Sustentabilidade;REDE;50000607775;39.6;39.6;1132.71;39.6;50000607775;18800
27;Democracia Cristã;DC;50000627531;2500.0;2500.0;2500.0;2500.0;50000627531;27111
51;Patriota;PATRI;50000629062;;;1121.88;0.0;50000629062;51204
51;Patriota;PATRI;50000607735;0.0;0.0;1385.11;0.0;50000607735;51101
20;Partido Social Cristão;PSC;50000628550;6989.2;6989.2;9816.54;7000.0;50000628550;20001
20;Partido Social Cristão;PSC;50000605148;6137.7;6137.7;9816.54;6200.0;50000605148;20127
17;Partido Social Liberal;PSL;50000628921;0.0;0.0;500.0;0.0;50000628921;17221
31;Partido Humanista da Solidariedade;PHS;50000628993;;;;;50000628993;31005
36;Partido Trabalhista Cristão;PTC;50000622639;0.0;0.0;1506.95;0.0;50000622639;36800
11;Partido Progressista;PP;50000605243;341403.18;341403.18;352705.0;341800.0;50000605243;11555
31;Partido Humanista da Solidariedade;PHS;50000606395;9173.0;9173.0;9173.0;9173.0;50000606395;31333
18;Rede Sustentabilidade;REDE;50000607779;11999.99;11999.99;13760.1;11999.99;50000607779;18963
51;Patriota;PATRI;50000607748;1190.0;0.0;1520.0;1520.0;50000607748;51177
27;Democracia Cristã;DC;50000608130;3412.4;3412.4;3413.2;3413.2;50000608130;27277
13;Partido dos Trabalhadores;PT;50000607989;132390.94;132390.94;185150.65;132390.94;50000607989;13690
15;Movimento Democrático Brasileiro;MDB;50000608103;25000.0;25000.0;25000.0;25000.0;50000608103;15555
31;Partido Humanista da Solidariedade;PHS;50000606418;;;;;50000606418;31393
11;Partido Progressista;PP;50000605236;221483.57;221483.57;237205.98;221484.98;50000605236;11777
50;Partido Socialismo e Liberdade;PSOL;50000600935;1470.3;1470.3;1530.3;1470.3;50000600935;50987
11;Partido Progressista;PP;50000605242;469151.99;469151.99;469226.0;469226.0;50000605242;11666
36;Partido Trabalhista Cristão;PTC;50000622607;5100.0;5100.0;5100.0;5100.0;50000622607;36111
25;Democratas;DEM;50000608615;;;;;50000608615;25201
36;Partido Trabalhista Cristão;PTC;50000622606;;;;;50000622606;36457
28;Partido Renovador Trabalhista Brasileiro;PRTB;50000628452;;;;;50000628452;28999
65;Partido Comunista do Brasil;PC do B;50000603939;331582.63;331582.63;418612.91;331937.99;50000603939;65500
13;Partido dos Trabalhadores;PT;50000607990;112799.2;112799.2;184222.71;112836.95;50000607990;13013
33;Partido da Mobilização Nacional;PMN;50000622611;2950.0;2950.0;3334.0;3000.0;50000622611;33500
77;Solidariedade;SOLIDARIEDADE;50000620481;5750.0;5750.0;5750.0;5750.0;50000620481;77345
51;Patriota;PATRI;50000607754;113906.42;113906.42;113906.42;113906.42;50000607754;51111
25;Democratas;DEM;50000608606;114933.84;114933.84;116570.9;115020.9;50000608606;25678
15;Movimento Democrático Brasileiro;MDB;50000608102;24962.95;24962.95;25200.0;25000.0;50000608102;15456
51;Patriota;PATRI;50000607732;;;;;50000607732;51451
20;Partido Social Cristão;PSC;50000605155;2500.0;2500.0;5126.52;2500.0;50000605155;20100
51;Patriota;PATRI;50000607733;600.0;600.0;3664.11;600.0;50000607733;51555
20;Partido Social Cristão;PSC;50000605159;49986.55;49986.55;58206.92;50000.0;50000605159;20200
51;Patriota;PATRI;50000607738;180.12;180.12;1730.11;220.0;50000607738;51999
51;Patriota;PATRI;50000607729;22300.0;22300.0;29246.11;22300.0;50000607729;51123
55;Partido Social Democrático;PSD;50000608000;167794.79;167794.79;178629.5;170000.0;50000608000;55123
77;Solidariedade;SOLIDARIEDADE;50000620477;4110.0;4110.0;10000.0;10000.0;50000620477;77022
28;Partido Renovador Trabalhista Brasileiro;PRTB;50000625294;12813.8;12813.8;17104.5;9184.5;50000625294;28000
31;Partido Humanista da Solidariedade;PHS;50000627476;12240.0;2640.0;9670.0;8670.0;50000627476;31311
14;Partido Trabalhista Brasileiro;PTB;50000605175;4983.2;4983.2;5800.0;5000.0;50000605175;14690
50;Partido Socialismo e Liberdade;PSOL;50000619175;2003.0;2003.0;5503.0;2003.0;50000619175;50060
45;Partido da Social Democracia Brasileira;PSDB;50000608580;276002.32;276002.32;321050.0;276050.0;50000608580;45500
44;Partido Republicano Progressista;PRP;50000608013;109452.3;109452.3;111512.0;109512.0;50000608013;44777
65;Partido Comunista do Brasil;PC do B;50000603927;19986.2;19986.2;26054.72;20000.0;50000603927;65111
20;Partido Social Cristão;PSC;50000605150;0.0;0.0;2626.52;0.0;50000605150;20150
13;Partido dos Trabalhadores;PT;50000608012;147800.0;147800.0;201605.58;147800.0;50000608012;13113
36;Partido Trabalhista Cristão;PTC;50000629994;663.08;663.08;663.08;663.08;50000629994;36190
43;Partido Verde;PV;50000608556;10000.0;10000.0;10200.0;10000.0;50000608556;43192
18;Rede Sustentabilidade;REDE;50000607778;0.0;0.0;1760.11;0.0;50000607778;18333
27;Democracia Cristã;DC;50000627529;2500.0;2500.0;2500.0;2500.0;50000627529;27027
10;Partido Republicano Brasileiro;PRB;50000608604;0.0;0.0;28160.0;0.0;50000608604;10444
25;Democratas;DEM;50000608585;193582.4;193582.4;194054.1;193804.1;50000608585;25000
51;Patriota;PATRI;50000607755;6190.0;6190.0;6250.0;6250.0;50000607755;51456
31;Partido Humanista da Solidariedade;PHS;50000606394;;;;;50000606394;31345
31;Partido Humanista da Solidariedade;PHS;50000606399;;;;;50000606399;31888
51;Patriota;PATRI;50000607720;;;;;50000607720;51888
51;Patriota;PATRI;50000629054;1013.2;1013.2;2141.88;1020.0;50000629054;51200
20;Partido Social Cristão;PSC;50000605162;2500.0;2500.0;5126.52;2500.0;50000605162;20888
15;Movimento Democrático Brasileiro;MDB;50000608095;99713.36;99713.36;120000.0;100000.0;50000608095;15679
11;Partido Progressista;PP;50000605241;432368.0;432368.0;464456.0;432368.0;50000605241;11333
65;Partido Comunista do Brasil;PC do B;50000603951;16500.0;16500.0;17159.09;16000.0;50000603951;65999
51;Patriota;PATRI;50000607758;153.2;153.2;1281.88;160.0;50000607758;51202
43;Partido Verde;PV;50000628930;;;;;50000628930;43444
27;Democracia Cristã;DC;50000627537;;;;;50000627537;27533
31;Partido Humanista da Solidariedade;PHS;50000606384;1485.0;1485.0;1485.0;1485.0;50000606384;31123
50;Partido Socialismo e Liberdade;PSOL;50000600882;6900.0;6900.0;8500.0;6900.0;50000600882;50500
17;Partido Social Liberal;PSL;50000609063;;;;;50000609063;17111
50;Partido Socialismo e Liberdade;PSOL;50000619093;1000.0;1000.0;1000.0;1000.0;50000619093;50245
65;Partido Comunista do Brasil;PC do B;50000603931;14557.6;13957.0;20866.44;14000.0;50000603931;65213
65;Partido Comunista do Brasil;PC do B;50000603947;6000.0;6000.0;7965.68;6000.0;50000603947;65165
18;Rede Sustentabilidade;REDE;50000629061;3524.1;3524.1;8750.11;7300.0;50000629061;18885
36;Partido Trabalhista Cristão;PTC;50000622667;797.91;797.91;812.0;812.0;50000622667;36212
65;Partido Comunista do Brasil;PC do B;50000603928;381264.0;381264.0;406478.7;381264.0;50000603928;65678
25;Democratas;DEM;50000608568;;;;;50000608568;25070
50;Partido Socialismo e Liberdade;PSOL;50000600903;0.0;0.0;400.0;0.0;50000600903;50322
50;Partido Socialismo e Liberdade;PSOL;50000600868;0.0;0.0;750.0;0.0;50000600868;50700
50;Partido Socialismo e Liberdade;PSOL;50000600880;11379.1;11379.1;13579.1;11379.1;50000600880;50100
50;Partido Socialismo e Liberdade;PSOL;50000600893;805.5;805.5;1500.0;850.0;50000600893;50111
50;Partido Socialismo e Liberdade;PSOL;50000600922;0.0;0.0;400.0;0.0;50000600922;50250
36;Partido Trabalhista Cristão;PTC;50000622642;3000.0;3000.0;3000.0;3000.0;50000622642;36222
36;Partido Trabalhista Cristão;PTC;50000622671;;;;;50000622671;36010
15;Movimento Democrático Brasileiro;MDB;50000608097;20000.0;20000.0;20000.0;20000.0;50000608097;15665
10;Partido Republicano Brasileiro;PRB;50000608598;14904.5;14904.5;73299.0;15000.0;50000608598;10222
25;Democratas;DEM;50000608584;552.4;552.4;552.4;552.4;50000608584;25009
33;Partido da Mobilização Nacional;PMN;50000622612;2988.95;2988.95;3936.0;3000.0;50000622612;33036
51;Patriota;PATRI;50000629056;1010.0;1010.0;2770.11;1010.0;50000629056;51316
13;Partido dos Trabalhadores;PT;50000607991;28329.7;28329.7;55134.08;28362.2;50000607991;13050
27;Democracia Cristã;DC;50000627523;16900.0;16900.0;17000.0;17000.0;50000627523;27012
36;Partido Trabalhista Cristão;PTC;50000622643;15000.0;15000.0;16373.63;15000.0;50000622643;36936
14;Partido Trabalhista Brasileiro;PTB;50000605176;4463.58;253.58;1530.43;1530.43;50000605176;14555
19;Podemos;PODE;50000608041;12000.0;12000.0;14945.0;12000.0;50000608041;19073
31;Partido Humanista da Solidariedade;PHS;50000606433;;;;;50000606433;31180
12;Partido Democrático Trabalhista;PDT;50000608024;722302.71;722302.71;722334.0;722334.0;50000608024;12333
20;Partido Social Cristão;PSC;50000605168;2500.0;2500.0;5126.52;2500.0;50000605168;20658
15;Movimento Democrático Brasileiro;MDB;50000608106;29946.35;29946.35;33354.0;30000.0;50000608106;15715
90;Partido Republicano da Ordem Social;PROS;50000629672;;;;;50000629672;90001
51;Patriota;PATRI;50000607756;0.0;0.0;1510.11;0.0;50000607756;51690
31;Partido Humanista da Solidariedade;PHS;50000628991;;;;;50000628991;31720
22;Partido da República;PR;50000608032;183688.8;183688.8;202438.8;183688.8;50000608032;22222
36;Partido Trabalhista Cristão;PTC;50000622609;2500.0;2500.0;2500.0;2500.0;50000622609;36400
17;Partido Social Liberal;PSL;50000609083;9339.0;9339.0;9339.0;9339.0;50000609083;17038
51;Patriota;PATRI;50000629057;0.0;0.0;1445.11;0.0;50000629057;51567
51;Patriota;PATRI;50000607730;;;1315.11;0.0;50000607730;51800
51;Patriota;PATRI;50000607757;2599.2;2599.2;5232.11;2600.0;50000607757;51015
28;Partido Renovador Trabalhista Brasileiro;PRTB;50000625300;4250.0;4250.0;4250.0;4250.0;50000625300;28888
65;Partido Comunista do Brasil;PC do B;50000603940;4000.0;3000.0;9000.0;9000.0;50000603940;65755
18;Rede Sustentabilidade;REDE;50000629053;800.0;800.0;1921.88;800.0;50000629053;18122
11;Partido Progressista;PP;50000605233;1000000.0;1000000.0;1000000.0;1000000.0;50000605233;11234
12;Partido Democrático Trabalhista;PDT;50000608025;135695.5;135695.5;151736.7;135900.0;50000608025;12345
40;Partido Socialista Brasileiro;PSB;50000608052;126460.0;126460.0;160980.42;126460.0;50000608052;40222
23;Partido Popular Socialista;PPS;50000606441;22320.0;22320.0;22320.0;22320.0;50000606441;23222
11;Partido Progressista;PP;50000605244;289451.11;289451.11;294500.0;289500.0;50000605244;11444
13;Partido dos Trabalhadores;PT;50000607992;168843.9;168843.9;241951.06;169414.0;50000607992;13500
51;Patriota;PATRI;50000607759;0.0;0.0;1640.11;0.0;50000607759;51515
44;Partido Republicano Progressista;PRP;50000627793;9968.49;9968.49;10015.34;10015.34;50000627793;44630
36;Partido Trabalhista Cristão;PTC;50000622646;600.0;600.0;934.0;600.0;50000622646;36333
55;Partido Social Democrático;PSD;50000607999;392407.93;392407.93;437605.0;393100.0;50000607999;55444
51;Patriota;PATRI;50000607760;813.2;813.2;2710.11;820.0;50000607760;51678
65;Partido Comunista do Brasil;PC do B;50000603935;6000.0;6000.0;7263.15;6000.0;50000603935;65101
27;Democracia Cristã;DC;50000627532;2500.0;2500.0;2500.0;2500.0;50000627532;27123
17;Partido Social Liberal;PSL;50000609086;11512.0;11512.0;11512.0;11512.0;50000609086;17222
50;Partido Socialismo e Liberdade;PSOL;50000600894;7931.5;7931.5;9268.57;7940.0;50000600894;50077
25;Democratas;DEM;50000608607;;;;;50000608607;25525
13;Partido dos Trabalhadores;PT;50000607994;183154.2;183154.2;287196.1;183860.0;50000607994;13444
51;Patriota;PATRI;50000607762;;;1525.79;0.0;50000607762;51444
13;Partido dos Trabalhadores;PT;50000608009;98941.12;98941.12;134981.49;98942.27;50000608009;13333
51;Patriota;PATRI;50000607761;500.0;500.0;3082.11;500.0;50000607761;51234
36;Partido Trabalhista Cristão;PTC;50000622647;;;;;50000622647;36100
40;Partido Socialista Brasileiro;PSB;50000608053;14890.0;14890.0;27528.41;14890.0;50000608053;40500
43;Partido Verde;PV;50000608552;39700.0;39700.0;39700.0;39700.0;50000608552;43111
36;Partido Trabalhista Cristão;PTC;50000622648;550.0;550.0;1684.0;550.0;50000622648;36444
12;Partido Democrático Trabalhista;PDT;50000608026;87473.2;87473.2;99950.0;87500.0;50000608026;12133
15;Movimento Democrático Brasileiro;MDB;50000608108;49958.9;49958.9;50000.0;50000.0;50000608108;15678
15;Movimento Democrático Brasileiro;MDB;50000627519;50000.0;50000.0;50000.0;50000.0;50000627519;15015
25;Democratas;DEM;50000608614;252857.57;252857.57;253250.0;253000.0;50000608614;25555
28;Partido Renovador Trabalhista Brasileiro;PRTB;50000625298;30000.0;30000.0;30000.0;30000.0;50000625298;28123
15;Movimento Democrático Brasileiro;MDB;50000608109;20145.99;20145.99;20157.0;20000.0;50000608109;15151
17;Partido Social Liberal;PSL;50000609087;1989.6;1989.6;6240.54;2000.0;50000609087;17000
90;Partido Republicano da Ordem Social;PROS;50000629673;;;;;50000629673;90000
22;Partido da República;PR;50000608033;110416.0;110416.0;200000.0;200000.0;50000608033;22456
36;Partido Trabalhista Cristão;PTC;50000622649;0.0;0.0;100.0;0.0;50000622649;36127
25;Democratas;DEM;50000608562;;;;;50000608562;25255
13;Partido dos Trabalhadores;PT;50000608011;13885.07;13885.07;19666.0;13820.0;50000608011;13331
20;Partido Social Cristão;PSC;50000605169;63667.21;63667.21;69143.52;63947.0;50000605169;20123
36;Partido Trabalhista Cristão;PTC;50000622650;650.0;650.0;1336.5;650.0;50000622650;36336
40;Partido Socialista Brasileiro;PSB;50000608054;94120.3;94120.3;101545.15;94120.3;50000608054;40111
43;Partido Verde;PV;50000608557;24985.7;24985.7;25200.0;25000.0;50000608557;43789
31;Partido Humanista da Solidariedade;PHS;50000606420;;;;;50000606420;31670
51;Patriota;PATRI;50000607763;0.0;0.0;1575.11;0.0;50000607763;51233
65;Partido Comunista do Brasil;PC do B;50000603945;6000.0;6000.0;7909.09;6000.0;50000603945;65666
36;Partido Trabalhista Cristão;PTC;50000622651;600.0;600.0;1101.0;600.0;50000622651;36008
27;Democracia Cristã;DC;50000627548;99950.0;99950.0;100000.0;100000.0;50000627548;27332
23;Partido Popular Socialista;PPS;50000606437;34000.0;34000.0;45000.0;34000.0;50000606437;23190
20;Partido Social Cristão;PSC;50000605165;194962.87;194962.87;203168.88;195160.0;50000605165;20190
51;Patriota;PATRI;50000607751;;;1121.88;0.0;50000607751;51197
45;Partido da Social Democracia Brasileira;PSDB;50000608581;31994.25;31994.25;37375.0;32000.0;50000608581;45045
36;Partido Trabalhista Cristão;PTC;50000622652;3013.2;3013.2;3967.2;3013.2;50000622652;36006
54;Partido Pátria Livre;PPL;50000625427;;;;;50000625427;54888
65;Partido Comunista do Brasil;PC do B;50000603962;8000.0;8000.0;9174.1;8000.0;50000603962;65411
17;Partido Social Liberal;PSL;50000609085;3349.5;3349.5;3002.5;3002.5;50000609085;17001
11;Partido Progressista;PP;50000605230;284723.25;284723.25;284748.0;284748.0;50000605230;11567
45;Partido da Social Democracia Brasileira;PSDB;50000608582;15000.0;15000.0;16875.0;15000.0;50000608582;45050
17;Partido Social Liberal;PSL;50000628922;375.0;375.0;400.0;400.0;50000628922;17543
14;Partido Trabalhista Brasileiro;PTB;50000605177;994966.4;994966.4;997529.02;995000.0;50000605177;14000
17;Partido Social Liberal;PSL;50000609070;14353.6;14353.6;26662.54;14400.0;50000609070;17123
50;Partido Socialismo e Liberdade;PSOL;50000600936;0.0;0.0;60.0;0.0;50000600936;50056
43;Partido Verde;PV;50000608558;10000.0;10000.0;10200.0;10000.0;50000608558;43999
25;Democratas;DEM;50000608586;59413.2;59413.2;59413.2;59413.2;50000608586;25170
25;Democratas;DEM;50000608608;276757.42;276757.42;290020.0;276770.0;50000608608;25456
54;Partido Pátria Livre;PPL;50000625428;;;;;50000625428;54654
36;Partido Trabalhista Cristão;PTC;50000622669;;;;;50000622669;36130
14;Partido Trabalhista Brasileiro;PTB;50000625429;;;;;50000625429;14333
36;Partido Trabalhista Cristão;PTC;50000622653;1000.0;1000.0;1000.0;1000.0;50000622653;36360
65;Partido Comunista do Brasil;PC do B;50000603963;15900.0;15900.0;18281.45;15900.0;50000603963;65511
20;Partido Social Cristão;PSC;50000605151;6996.65;6996.65;10616.54;7000.0;50000605151;20115
13;Partido dos Trabalhadores;PT;50000608014;13160.0;13160.0;16570.0;13200.0;50000608014;13817
54;Partido Pátria Livre;PPL;50000625369;1040.0;1040.0;1040.0;1040.0;50000625369;54789
51;Patriota;PATRI;50000607764;1140.0;1140.0;2281.88;1160.0;50000607764;51801
36;Partido Trabalhista Cristão;PTC;50000622654;6563.55;6563.55;7497.55;6563.55;50000622654;36669
20;Partido Social Cristão;PSC;50000605137;4279.2;4279.2;8616.54;5000.0;50000605137;20320
20;Partido Social Cristão;PSC;50000625365;6936.9;6936.9;10630.09;7013.55;50000625365;20800
19;Podemos;PODE;50000608036;83732.0;83732.0;110500.0;110500.0;50000608036;19200
45;Partido da Social Democracia Brasileira;PSDB;50000608583;425576.56;425576.56;441116.56;425576.56;50000608583;45556
65;Partido Comunista do Brasil;PC do B;50000603964;8784.12;8784.12;11481.46;8784.12;50000603964;65777
15;Movimento Democrático Brasileiro;MDB;50000608105;9963.2;9963.2;10000.0;10000.0;50000608105;15333
15;Movimento Democrático Brasileiro;MDB;50000608110;40000.0;40000.0;40000.0;40000.0;50000608110;15007
25;Democratas;DEM;50000608587;423200.0;423200.0;425017.5;423200.0;50000608587;25161
17;Partido Social Liberal;PSL;50000609088;;;;;50000609088;17177
20;Partido Social Cristão;PSC;50000605167;15000.0;15000.0;18592.12;15000.0;50000605167;20677
28;Partido Renovador Trabalhista Brasileiro;PRTB;50000628471;;;;;50000628471;28111
10;Partido Republicano Brasileiro;PRB;50000608591;0.0;0.0;28419.0;0.0;50000608591;10595
28;Partido Renovador Trabalhista Brasileiro;PRTB;50000627879;;;;;50000627879;28880
25;Democratas;DEM;50000608610;907646.05;907646.05;911130.0;908380.0;50000608610;25123
20;Partido Social Cristão;PSC;50000605152;417698.36;417698.36;423905.62;417950.0;50000605152;20121
65;Partido Comunista do Brasil;PC do B;50000603965;6013.2;6013.2;7356.86;6013.2;50000603965;65233
36;Partido Trabalhista Cristão;PTC;50000622668;0.0;0.0;1473.63;0.0;50000622668;36689
65;Partido Comunista do Brasil;PC do B;50000603966;0.0;0.0;6909.1;6000.0;50000603966;65029
11;Partido Progressista;PP;50000605229;155500.0;155500.0;166670.0;155500.0;50000605229;11123
54;Partido Pátria Livre;PPL;50000605179;75973.8;75973.8;76920.0;76920.0;50000605179;54001
27;Democracia Cristã;DC;50000627536;4083.2;4083.2;4100.0;4100.0;50000627536;27456
36;Partido Trabalhista Cristão;PTC;50000622655;;;;;50000622655;36044
27;Democracia Cristã;DC;50000608133;;;;;50000608133;27026
51;Patriota;PATRI;50000607765;;;1121.88;0.0;50000607765;51900
12;Partido Democrático Trabalhista;PDT;50000608027;11793.0;11793.0;12000.0;12000.0;50000608027;12888
51;Patriota;PATRI;50000607766;0.0;0.0;1315.11;0.0;50000607766;51077
27;Democracia Cristã;DC;50000627538;4500.0;4500.0;5050.0;4500.0;50000627538;27555
28;Partido Renovador Trabalhista Brasileiro;PRTB;50000627883;;;;;50000627883;28887
65;Partido Comunista do Brasil;PC do B;50000603967;100833.96;79987.96;109999.5;80000.0;50000603967;65000
50;Partido Socialismo e Liberdade;PSOL;50000619237;750.0;750.0;2550.0;750.0;50000619237;50321
31;Partido Humanista da Solidariedade;PHS;50000628990;;;;;50000628990;31300
50;Partido Socialismo e Liberdade;PSOL;50000619262;0.0;0.0;50.0;0.0;50000619262;50789
51;Patriota;PATRI;50000607767;0.0;0.0;1121.88;0.0;50000607767;51006
44;Partido Republicano Progressista;PRP;50000628312;;;;;50000628312;44111
36;Partido Trabalhista Cristão;PTC;50000622661;3000.0;3000.0;3116.66;3000.0;50000622661;36120
50;Partido Socialismo e Liberdade;PSOL;50000600926;0.0;0.0;60.0;0.0;50000600926;50345
36;Partido Trabalhista Cristão;PTC;50000622662;0.0;0.0;50.0;0.0;50000622662;36018
22;Partido da República;PR;50000608029;493290.59;493290.59;537795.09;493339.05;50000608029;22700
77;Solidariedade;SOLIDARIEDADE;50000620494;43974.3;43974.3;44000.0;44000.0;50000620494;77007
51;Patriota;PATRI;50000607769;0.0;0.0;1575.11;0.0;50000607769;51212
31;Partido Humanista da Solidariedade;PHS;50000606423;1300.0;1300.0;1600.0;1300.0;50000606423;31777
18;Rede Sustentabilidade;REDE;50000607783;;;1093.11;0.0;50000607783;18222
65;Partido Comunista do Brasil;PC do B;50000603929;5965.95;5965.95;7496.99;6026.4;50000603929;65065
51;Patriota;PATRI;50000607768;0.0;0.0;1640.11;0.0;50000607768;51333
15;Movimento Democrático Brasileiro;MDB;50000608099;50000.0;50000.0;50000.0;50000.0;50000608099;15345
51;Patriota;PATRI;50000607741;4900.0;4900.0;7157.11;4900.0;50000607741;51789
65;Partido Comunista do Brasil;PC do B;50000603949;138526.05;138526.05;150112.46;138540.0;50000603949;65400
22;Partido da República;PR;50000608030;531000.0;531000.0;532946.67;531000.0;50000608030;22123
11;Partido Progressista;PP;50000605234;137843.55;137843.55;162787.05;137843.55;50000605234;11122
65;Partido Comunista do Brasil;PC do B;50000603955;35599.65;35599.65;42735.4;35609.4;50000603955;65199
51;Patriota;PATRI;50000607744;10000.0;10000.0;14757.11;10000.0;50000607744;51345
13;Partido dos Trabalhadores;PT;50000607985;116862.8;116862.8;247465.89;118592.0;50000607985;13222
50;Partido Socialismo e Liberdade;PSOL;50000619092;0.0;0.0;60.0;0.0;50000619092;50105
65;Partido Comunista do Brasil;PC do B;50000603943;86369.88;86369.88;88658.59;86500.0;50000603943;65456
